id,focus,signal,slack,drag,confidence,score,lane,kind,invariant
g001,view drift,47,18,10,87,311,ship,baseline,monotonic-signal
g002,state pressure,89,53,31,105,459,ship,edge,drag-penalty
g003,layout risk,114,73,43,95,506,ship,recovery,confidence-floor
g004,interaction cost,86,50,8,75,476,ship,negative,lane-boundary
g005,view drift,75,41,34,70,311,ship,baseline,monotonic-signal
g006,state pressure,117,74,28,72,531,ship,edge,drag-penalty
g007,layout risk,54,58,5,77,412,ship,recovery,confidence-floor
g008,interaction cost,70,53,37,41,250,ship,negative,lane-boundary
g009,view drift,37,53,13,28,221,ship,baseline,monotonic-signal
g010,state pressure,112,20,23,26,336,ship,edge,drag-penalty
g011,layout risk,109,76,30,29,417,ship,recovery,confidence-floor
g012,interaction cost,111,72,35,78,493,ship,negative,lane-boundary
g013,view drift,72,37,35,21,192,ship,baseline,monotonic-signal
g014,state pressure,100,57,19,83,504,ship,edge,drag-penalty
g015,layout risk,117,35,34,76,437,ship,recovery,confidence-floor
g016,interaction cost,85,61,22,34,357,ship,negative,lane-boundary
g017,view drift,73,42,17,103,441,ship,baseline,monotonic-signal
g018,state pressure,114,35,37,99,462,ship,edge,drag-penalty
g019,layout risk,94,34,28,59,356,ship,recovery,confidence-floor
g020,interaction cost,44,71,4,86,430,ship,negative,lane-boundary
g021,view drift,66,22,35,104,310,ship,baseline,monotonic-signal
g022,state pressure,81,35,10,94,461,ship,edge,drag-penalty
g023,layout risk,48,44,41,74,216,ship,recovery,confidence-floor
g024,interaction cost,79,16,37,69,259,ship,negative,lane-boundary
g025,view drift,54,53,16,71,346,ship,baseline,monotonic-signal
g026,state pressure,45,25,28,76,225,ship,edge,drag-penalty
g027,layout risk,88,14,35,40,232,ship,recovery,confidence-floor
g028,interaction cost,113,46,19,27,409,ship,negative,lane-boundary
g029,view drift,85,29,13,25,311,ship,baseline,monotonic-signal
g030,state pressure,74,23,32,28,196,ship,edge,drag-penalty
g031,layout risk,116,58,22,77,530,ship,recovery,confidence-floor
g032,interaction cost,88,8,40,20,160,watch,negative,lane-boundary
g033,view drift,42,55,8,82,368,ship,baseline,monotonic-signal
g034,state pressure,67,46,15,75,383,ship,edge,drag-penalty
g035,layout risk,39,9,20,33,121,watch,recovery,confidence-floor
g036,interaction cost,116,63,20,102,598,ship,negative,lane-boundary
g037,view drift,70,58,4,98,506,ship,baseline,monotonic-signal
g038,state pressure,95,58,19,58,441,ship,edge,drag-penalty
g039,layout risk,111,25,7,85,525,ship,recovery,confidence-floor
g040,interaction cost,78,11,44,103,286,ship,negative,lane-boundary
g041,view drift,65,77,22,93,447,ship,baseline,monotonic-signal
g042,state pressure,62,42,13,73,364,ship,edge,drag-penalty
g043,layout risk,64,62,31,68,328,ship,recovery,confidence-floor
g044,interaction cost,113,40,20,70,479,ship,negative,lane-boundary
g045,view drift,53,66,37,75,293,ship,baseline,monotonic-signal
g046,state pressure,70,47,26,39,278,ship,edge,drag-penalty
g047,layout risk,38,40,22,26,158,watch,recovery,confidence-floor
g048,interaction cost,114,39,43,24,296,ship,negative,lane-boundary
g049,view drift,67,76,13,27,355,ship,baseline,monotonic-signal
g050,state pressure,47,27,20,76,267,ship,edge,drag-penalty
g051,layout risk,85,40,4,105,529,ship,recovery,confidence-floor
g052,interaction cost,107,49,40,81,421,ship,negative,lane-boundary
g053,view drift,34,21,17,74,224,ship,baseline,monotonic-signal
g054,state pressure,89,58,7,32,419,ship,edge,drag-penalty
g055,layout risk,32,30,25,101,258,ship,recovery,confidence-floor
g056,interaction cost,95,19,35,97,377,ship,negative,lane-boundary
g057,view drift,86,51,42,57,306,ship,baseline,monotonic-signal
g058,state pressure,41,34,5,84,339,ship,edge,drag-penalty
g059,layout risk,66,28,5,102,438,ship,recovery,confidence-floor
g060,interaction cost,38,63,31,92,300,ship,negative,lane-boundary
g061,view drift,115,13,4,72,499,ship,baseline,monotonic-signal
g062,state pressure,69,60,34,67,325,ship,edge,drag-penalty
g063,layout risk,41,51,29,69,247,ship,recovery,confidence-floor
g064,interaction cost,83,14,7,74,397,ship,negative,lane-boundary
g065,view drift,108,68,40,38,376,ship,baseline,monotonic-signal
g066,state pressure,80,63,16,25,352,ship,edge,drag-penalty
g067,layout risk,69,63,5,23,359,ship,recovery,confidence-floor
g068,interaction cost,111,30,22,26,357,ship,negative,lane-boundary
g069,view drift,48,16,11,75,282,ship,baseline,monotonic-signal
g070,state pressure,64,12,7,104,396,ship,edge,drag-penalty
g071,layout risk,31,47,28,80,235,ship,recovery,confidence-floor
g072,interaction cost,106,67,40,73,438,ship,negative,lane-boundary
g073,view drift,103,45,5,31,441,ship,baseline,monotonic-signal
g074,state pressure,105,71,31,100,533,ship,edge,drag-penalty
g075,layout risk,66,52,25,96,394,ship,recovery,confidence-floor
g076,interaction cost,94,45,44,56,308,ship,negative,lane-boundary
g077,view drift,111,44,34,83,451,ship,baseline,monotonic-signal
g078,state pressure,79,11,10,101,421,ship,edge,drag-penalty
g079,layout risk,67,32,20,91,367,ship,recovery,confidence-floor
g080,interaction cost,108,45,27,71,448,ship,negative,lane-boundary
g081,view drift,88,54,32,66,376,ship,baseline,monotonic-signal
g082,state pressure,38,26,32,68,174,watch,edge,drag-penalty
g083,layout risk,60,63,16,73,388,ship,recovery,confidence-floor
g084,interaction cost,75,35,31,37,245,ship,negative,lane-boundary
g085,view drift,42,24,19,24,146,watch,baseline,monotonic-signal
g086,state pressure,73,56,14,22,319,ship,edge,drag-penalty
g087,layout risk,48,39,34,25,136,watch,recovery,confidence-floor
g088,interaction cost,39,33,25,74,231,ship,negative,lane-boundary
g089,view drift,82,68,43,103,416,ship,baseline,monotonic-signal
g090,state pressure,107,18,32,79,387,ship,edge,drag-penalty
g091,layout risk,79,65,7,72,483,ship,recovery,confidence-floor
g092,interaction cost,68,56,38,30,224,ship,negative,lane-boundary
g093,view drift,110,19,34,99,430,ship,baseline,monotonic-signal
g094,state pressure,82,73,13,95,530,ship,edge,drag-penalty
g095,layout risk,36,68,25,55,254,ship,recovery,confidence-floor
g096,interaction cost,61,68,32,82,355,ship,negative,lane-boundary
